City_ID,City,Lat,Lng,Max Temp,Humidity,Cloudiness,Wind Speed,Country,Date
0,lagos,6.5833,3.75,82.72,85,100,4.43,NG,1717343085
1,apolinario saravia,-24.4328,-63.9954,78.17,45,0,8.12,AR,1717343158
2,grytviken,-54.2811,-36.5092,27.7,74,68,1.66,GS,1717343159
3,port lincoln,-34.7333,135.8667,53.19,53,100,12.55,AU,1717343054
4,talnakh,69.4865,88.3972,34.21,99,100,2.93,RU,1717343161
5,ataq,14.5377,46.8319,89.19,25,2,14.72,YE,1717343162
6,margaret river,-33.95,115.0667,60.4,70,63,15.17,AU,1717343163
7,avarua,-21.2078,-159.775,73.45,64,100,5.75,CK,1717343163
8,jamestown,42.097,-79.2353,65.01,80,100,10.36,US,1717343031
9,college,64.8569,-147.8028,55.45,70,100,5.75,US,1717343165
10,kingston,17.997,-76.7936,88.75,66,75,2.3,JM,1717342625
11,albany,42.6001,-73.9662,77.54,56,100,4.61,US,1717342763
12,waitangi,-43.9535,-176.5597,49.82,84,100,11.99,NZ,1717343167
13,mokhsogollokh,61.4681,128.9203,50.23,52,9,2.39,RU,1717343168
14,malmyzh,56.5205,50.6818,67.26,86,82,5.53,RU,1717343168
15,ushuaia,-54.8,-68.3,38.86,65,0,20.71,AR,1717342878
16,puerto natales,-51.7236,-72.4875,30.65,93,0,9.22,CL,1717343170
17,tulun,54.5611,100.5792,48.74,68,90,5.08,RU,1717343171
18,bowen,-20.0167,148.2333,59.63,61,1,9.17,AU,1717343171
19,blackmans bay,-43.0167,147.3167,48.52,87,92,1.01,AU,1717343172
20,west island,-12.1568,96.8225,80.58,78,40,17.27,CC,1717343173
21,wuwei,37.9281,102.6414,64.22,41,77,4.61,CN,1717343173
22,bredasdorp,-34.5322,20.0403,58.93,86,87,3.96,ZA,1717343174
23,rabaul,-4.1967,152.1721,79.3,83,69,3.6,PG,1717343175
24,igarka,67.4667,86.5833,32.02,92,99,13.0,RU,1717343175
25,port-aux-francais,-49.35,70.2167,34.18,72,99,39.46,TF,1717343176
26,papatowai,-46.5619,169.4708,49.91,76,27,22.08,NZ,1717343177
27,hamilton,39.1834,-84.5333,67.98,95,100,6.91,US,1717342544
28,puerto ayora,-0.7393,-90.3518,78.76,90,57,1.99,EC,1717343178
29,buinsk,54.95,48.2833,62.65,92,100,16.46,RU,1717343179
30,anadyr,64.75,177.4833,32.5,86,20,8.95,RU,1717343180
31,ribeira grande,38.5167,-28.7,66.6,82,75,18.41,PT,1717343180
32,mugia,43.1041,-9.2179,65.91,71,0,28.48,ES,1717343181
33,tomatlan,19.9333,-105.25,88.83,49,100,5.19,MX,1717343182
34,ciudad bolivar,8.1222,-63.5497,93.07,48,37,7.02,VE,1717343108
35,kendari,-3.945,122.4989,75.58,96,95,2.06,ID,1717343183
36,kerikeri,-35.2268,173.9474,49.8,84,97,3.22,NZ,1717343184
37,san patricio,28.017,-97.5169,90.16,50,52,18.84,US,1717343184
38,tiksi,71.6872,128.8694,40.89,76,68,2.35,RU,1717343185
39,gadzhiyevo,69.2551,33.3362,46.51,88,76,9.89,RU,1717343186
40,rongelap,11.1635,166.8941,82.62,80,52,18.16,MH,1717343186
41,deqen,29.9618,90.7188,54.18,58,47,7.54,CN,1717343187
42,galveston,29.3669,-94.9669,87.06,82,98,4.0,US,1717342902
43,vorgashor,67.5833,63.95,28.8,89,98,3.65,RU,1717343188
44,burao,9.5221,45.5336,84.99,42,90,19.6,SO,1717343189
45,olonkinbyen,70.9221,-8.7187,32.58,83,100,12.01,SJ,1717343190
46,georgetown,5.4112,100.3354,84.15,79,20,3.44,MY,1717343030
47,arraial do cabo,-22.9661,-42.0278,80.46,44,0,13.8,BR,1717343192
48,barabai,-2.5833,115.3833,75.58,98,89,1.21,ID,1717343192
49,codrington,-38.2667,141.9667,47.89,73,72,4.09,AU,1717343193
50,isangel,-19.55,169.2667,73.96,78,100,17.2,VU,1717343194
51,adamstown,-25.066,-130.1015,72.48,85,67,19.82,PN,1717343194
52,erenhot,43.6475,111.9767,68.56,15,42,8.99,CN,1717343195
53,saudarkrokur,65.7461,-19.6394,45.91,52,100,25.59,IS,1717343196
54,paciran,-6.8767,112.3761,78.1,92,85,8.57,ID,1717343196
55,vorkuta,67.5,64.0,29.1,89,99,5.01,RU,1717343197
56,la ronge,55.1001,-105.2842,44.85,65,75,11.5,CA,1717343198
57,lebu,-37.6167,-73.65,49.62,67,100,9.93,CL,1717342950
58,saipan,15.1355,145.701,79.5,89,0,3.44,MP,1717343200
59,badger,64.8,-147.5333,55.36,67,75,5.75,US,1717343200
60,svetlyy,54.675,20.1347,70.36,85,93,8.34,RU,1717343201
61,beau vallon,-20.4189,57.6953,73.63,78,40,0.0,MU,1717343202
62,salalah,17.0151,54.0924,87.89,70,40,11.5,OM,1717343202
63,santa ana,33.7456,-117.8678,64.42,85,100,4.61,US,1717343127
64,yellowknife,62.456,-114.3525,41.41,84,100,9.22,CA,1717343204
65,nadi,-17.8,177.4167,71.6,73,20,8.05,FJ,1717343204
66,provins,48.5833,3.1667,60.96,80,98,10.76,FR,1717343205
67,ingleside,27.8778,-97.2117,89.83,80,100,16.11,US,1717343206
68,saint-pierre,-21.3393,55.4781,73.08,73,75,6.91,RE,1717343206
69,uliastay,47.7417,96.8444,52.27,41,39,5.44,MN,1717343207
70,iqaluit,63.7506,-68.5145,29.93,92,100,9.22,CA,1717343208
71,khandyga,62.6667,135.6,47.35,49,53,3.47,RU,1717343208
72,nantucket,41.2835,-70.0995,73.54,81,0,6.91,US,1717343147
73,udachny,66.4167,112.4,56.44,28,93,5.86,RU,1717343209
74,la leonesa,-27.0379,-58.7035,79.23,47,0,9.46,AR,1717343210
75,tolanaro,-25.0319,46.9987,71.67,88,0,2.3,MG,1717343211
76,turpan,42.9333,89.1667,88.7,11,6,2.01,CN,1717343211
77,bikenibeu village,1.3673,173.1241,82.36,83,20,8.05,KI,1717343212
78,vernon,50.2581,-119.2691,60.6,65,87,2.3,CA,1717343093
79,revda,56.801,59.9303,59.11,65,4,4.43,RU,1717343213
80,edinburgh of the seven seas,-37.0676,-12.3116,52.93,68,93,28.23,SH,1717343215
81,callao,-12.0667,-77.15,66.72,77,100,10.36,PE,1717343164
82,page,36.9147,-111.4558,81.1,12,0,4.0,US,1717343216
83,laojunmiao,39.8333,97.7333,66.88,21,100,1.66,CN,1717343216
84,kuantan,3.8077,103.326,77.11,88,20,5.75,MY,1717343217
85,san juan de miraflores,-12.1629,-76.9635,65.17,76,21,7.43,PE,1717343218
86,puerto santa,-8.9906,-78.6456,66.16,77,89,6.71,PE,1717343218
87,yerofey pavlovich,53.9667,121.9667,52.09,93,100,3.89,RU,1717343219
88,invercargill,-46.4,168.35,49.01,84,76,15.99,NZ,1717343220
89,port mathurin,-19.6833,63.4167,76.1,75,6,15.75,MU,1717343220
90,lobujya,27.95,86.8167,25.48,95,68,1.9,NP,1717343221
91,nadym,65.5333,72.5167,31.96,86,50,14.76,RU,1717343222
92,aasiaat,68.7098,-52.8699,31.75,72,61,6.62,GL,1717343203
93,bethel,41.3712,-73.414,81.52,46,0,8.05,US,1717343212
94,thompson,55.7435,-97.8558,44.76,93,75,3.44,CA,1717343224
95,luderitz,-26.6481,15.1594,55.76,76,10,15.05,NA,1717343225
96,remire-montjoly,4.9167,-52.2667,80.64,94,75,1.14,GF,1717343226
97,zhosaly,45.4878,64.0781,78.71,19,99,17.96,KZ,1717343226
98,prado,-17.3411,-39.2208,75.78,86,47,10.92,BR,1717343227
99,la passe,45.5549,-0.8967,63.01,79,96,8.61,FR,1717343228
100,isafjordur,66.0755,-23.124,39.63,69,64,18.12,IS,1717343228
101,bubaque,11.2833,-15.8333,79.02,74,100,10.69,GW,1717343229
102,mejit,10.2753,170.8646,82.49,82,5,18.12,MH,1717343231
103,bulnes,-36.7423,-72.2985,41.76,59,100,9.86,CL,1717343231
104,saint-francois,46.4154,3.9054,60.24,89,100,16.11,FR,1717343232
105,st. john's,47.5649,-52.7093,54.68,98,100,17.27,CA,1717342949
106,tuy hoa,13.0833,109.3,82.89,69,100,4.63,VN,1717343233
107,selkirk,50.1436,-96.8845,72.16,52,81,10.38,CA,1717343155
108,berberati,4.2612,15.7922,88.5,45,64,5.44,CF,1717343234
109,buka,40.8108,69.1986,77.59,29,49,7.96,UZ,1717343139
110,polyarnyy,69.1989,33.4478,48.16,85,69,9.15,RU,1717343236
111,savino,56.5929,41.2181,75.15,87,84,12.44,RU,1717343236
112,korgun,40.7348,33.5184,78.8,46,82,3.67,TR,1717343237
113,urangan,-25.3,152.9,56.19,78,0,4.0,AU,1717343087
114,porto murtinho,-21.6989,-57.8825,93.67,24,0,13.67,BR,1717342943
115,wuchang,44.9143,127.15,55.65,83,1,3.06,CN,1717343239
116,atafu village,-8.5421,-172.5159,83.41,73,100,6.35,TK,1717343239
117,ghat,24.9647,10.1728,93.34,20,81,9.78,LY,1717343240
118,melekeok village,7.4957,134.6367,79.36,94,40,0.0,PW,1717343241
119,petropavlovsk-kamchatsky,53.0452,158.6483,44.46,77,0,2.24,RU,1717343241
120,hami,42.8,93.45,79.41,12,99,7.87,CN,1717343242
121,crane,31.3974,-102.3501,82.83,63,96,22.88,US,1717343243
122,muhos,64.808,25.9931,65.98,84,100,5.01,FI,1717343243
123,palopo,-2.9996,120.1921,76.73,96,99,2.17,ID,1717343244
124,neiafu,-18.65,-173.9833,74.08,78,40,11.5,TO,1717343245
125,wailua homesteads,22.0669,-159.378,72.39,85,75,17.27,US,1717343245
126,weno,7.4515,151.8468,80.42,81,100,12.57,FM,1717343246
127,albox,37.3886,-2.1495,73.33,54,32,11.14,ES,1717343247
128,ilulissat,69.2167,-51.1,35.62,69,75,6.91,GL,1717343247
129,nagqu,31.5,92.0,42.98,82,100,8.14,CN,1717343248
130,egilsstadir,65.2653,-14.3948,53.51,35,75,16.11,IS,1717343249
131,naha,26.2125,127.6811,68.27,100,100,11.5,JP,1717343185
132,fort bragg,35.139,-79.006,82.81,56,75,11.5,US,1717343224
133,juneau,58.3019,-134.4197,48.42,93,100,3.44,US,1717343105
134,mount pearl,47.5166,-52.7813,53.96,98,100,17.27,CA,1717343251
135,zeya,53.75,127.2667,55.49,72,100,4.21,RU,1717343252
136,senador canedo,-16.7081,-49.0931,78.13,47,75,12.66,BR,1717343253
137,ha tinh,18.3333,105.9,83.34,70,47,8.37,VN,1717343253
138,hawaiian paradise park,19.5933,-154.9731,72.03,93,100,5.75,US,1717343254
139,richards bay,-28.783,32.0377,71.55,87,22,11.81,ZA,1717343255
140,stanley,54.868,-1.6985,67.51,64,20,16.11,GB,1717343102
141,nguigmi,14.2495,13.1092,105.3,15,3,8.7,NE,1717343256
142,cidreira,-30.1811,-50.2056,70.32,60,1,2.62,BR,1717343256
143,rosarito,32.3333,-117.0333,61.54,71,62,8.01,MX,1717343257
144,olinda,-8.0089,-34.8553,83.93,74,40,13.8,BR,1717343045
145,atbasar,51.8,68.3333,56.82,63,88,6.55,KZ,1717343258
146,peace river,56.2501,-117.286,53.65,78,100,4.61,CA,1717343259
147,karmaskaly,54.3709,56.1837,78.71,65,27,5.06,RU,1717343260
148,narimanov,46.6927,47.8498,84.11,39,92,12.21,RU,1717343260
149,nishinoomote,30.7333,131.0,71.42,70,78,2.51,JP,1717343261
150,tacna,-18.0056,-70.2483,54.5,88,100,3.44,PE,1717343262
151,constantia,44.1833,28.65,86.7,62,39,6.11,RO,1717342964
152,kita,13.0349,-9.4895,105.78,11,75,4.81,ML,1717343263
153,keetmanshoop,-26.5833,18.1333,54.52,37,75,14.97,NA,1717343264
154,sokoto,13.0609,5.239,102.63,27,100,6.53,NG,1717343264
155,bilibino,68.0546,166.4372,30.72,78,43,3.58,RU,1717343265
156,krasnyy chikoy,50.3643,108.7512,51.76,77,90,2.33,RU,1717343266
157,carnarvon,-24.8667,113.6333,67.35,59,0,13.11,AU,1717343266
158,hermanus,-34.4187,19.2345,57.79,89,82,4.07,ZA,1717343267
159,chinchilla,-26.75,150.6333,44.02,99,2,8.84,AU,1717343268
160,bayanaul,50.7889,75.6956,47.52,79,99,3.22,KZ,1717343268
161,ust-nera,64.5667,143.2,52.2,41,100,2.35,RU,1717343269
162,turaif,31.6725,38.6637,97.05,7,0,4.61,SA,1717343270
163,ponta delgada,37.7333,-25.6667,72.32,83,20,11.5,PT,1717343201
164,bambanglipuro,-7.95,110.2833,76.87,93,50,1.66,ID,1717343271
165,ulladulla,-35.35,150.4667,54.68,55,100,9.48,AU,1717343271
166,camocim,-2.9022,-40.8411,88.29,58,14,10.56,BR,1717343272
167,darhan,49.4867,105.9228,60.93,70,100,2.24,MN,1717343273
168,businga,3.3333,20.8833,84.9,61,99,2.66,CD,1717343273
169,susuman,62.7833,148.1667,44.98,49,64,1.99,RU,1717343274
170,kavaratti,10.5669,72.642,84.51,82,96,14.61,IN,1717343275
171,iskateley,67.6803,53.1512,38.01,93,81,5.01,RU,1717343275
172,chonchi,-42.6128,-73.8092,44.11,79,80,3.78,CL,1717343217
173,port elizabeth,-33.918,25.5701,66.09,96,100,23.02,ZA,1717342980
174,bunia,1.5667,30.25,73.6,61,100,0.02,CD,1717343278
175,kutum,14.2,24.6667,93.83,10,1,18.28,SD,1717343278
176,longyearbyen,78.2186,15.6401,42.64,75,75,3.44,SJ,1717343279
177,sarangani,5.4033,125.4636,84.88,71,89,4.27,PH,1717343279
178,qaqortoq,60.7167,-46.0333,40.17,81,100,5.66,GL,1717343280
179,olyokminsk,60.3736,120.4264,55.04,93,90,3.24,RU,1717343281
180,torata,-17.0769,-70.8433,72.07,13,1,7.09,PE,1717343282
181,howard springs,-12.497,131.047,75.11,85,0,6.85,AU,1717343282
182,lihue,21.9789,-159.3672,72.99,80,75,17.27,US,1717343283
183,tamanrasset,22.785,5.5228,91.31,15,40,10.36,DZ,1717343284
184,bardai,11.65,7.2333,95.36,34,52,7.29,NG,1717343284
185,fortuna,40.5982,-124.1573,61.99,84,20,0.0,US,1717343285
186,nuuk,64.1835,-51.7216,39.81,81,75,4.61,GL,1717343160
187,mammoth lakes,37.6485,-118.9721,61.34,28,0,8.05,US,1717343286
188,smithers,54.7804,-127.1743,43.12,93,75,3.44,CA,1717342743
189,lhokseumawe,5.1801,97.1507,79.52,85,100,4.07,ID,1717343288
190,flying fish cove,-10.4217,105.6791,80.28,89,100,9.22,CX,1717343288
191,kargasok,59.0556,80.8572,44.91,58,97,7.58,RU,1717343289
192,lockwood,45.8191,-108.4149,66.29,49,40,12.66,US,1717343290
193,uzgen,40.7699,73.3007,70.09,41,99,7.74,KG,1717343290
194,twardogora,51.3649,17.4688,70.92,71,75,12.64,PL,1717343291
195,alice springs,-23.7,133.8833,47.75,81,99,8.05,AU,1717343251
196,rundu,-17.9333,19.7667,73.24,15,0,7.05,NA,1717343292
197,burang,30.25,81.1667,39.02,80,69,3.65,CN,1717343293
198,sisimiut,66.9395,-53.6735,32.52,67,13,6.2,GL,1717343293
199,ancud,-41.8697,-73.8203,47.05,81,33,10.96,CL,1717343222
200,afaahiti,-17.75,-149.2833,71.47,72,27,9.33,PF,1717343295
201,nasiriyah,31.0521,46.261,102.06,9,0,16.2,IQ,1717343295
202,karymskoye,51.6167,114.35,59.27,45,0,1.54,RU,1717343296
203,dudinka,69.4058,86.1778,34.63,96,100,3.02,RU,1717343297
204,massawa,15.6097,39.45,87.82,54,49,5.14,ER,1717343297
205,saint-leu,-21.15,55.2833,72.46,76,10,3.02,RE,1717343298
206,pandan,14.0453,124.1694,80.49,83,10,4.18,PH,1717343299
207,mangalia,43.8,28.5833,77.7,65,22,4.52,RO,1717343299
208,el calafate,-50.3408,-72.2768,32.52,78,17,1.07,AR,1717343012
209,cockburn town,21.4612,-71.1419,79.32,80,100,16.53,TC,1717343275
210,sur,22.5667,59.5289,91.53,49,0,2.06,OM,1717343301
211,arawa,-6.2132,155.5367,76.71,93,100,2.53,PG,1717343302
212,manaure,11.7751,-72.4445,87.67,69,99,13.04,CO,1717343303
213,elko,41.0002,-115.5012,64.06,39,98,3.0,US,1717343063
214,vadso,70.0744,29.7487,54.48,81,100,13.8,NO,1717343304
215,canico,32.6333,-16.85,75.7,72,20,4.61,PT,1717343305
216,la'ie,21.6477,-157.9253,75.16,80,21,11.01,US,1717343306
217,loutraki,37.9783,22.9778,84.2,41,32,6.49,GR,1717343306
218,dohad,22.8333,74.2667,94.6,28,0,13.22,IN,1717343307
219,belyayevka,51.3974,56.4096,65.07,81,100,2.42,RU,1717343308
220,mananjary,-21.2167,48.3333,71.38,81,0,3.67,MG,1717343309
221,mil'kovo,55.6078,37.7956,80.11,68,25,6.26,RU,1717343309
222,cherlak,54.155,74.8055,57.54,55,81,6.76,RU,1717343310
223,mount gambier,-37.8333,140.7667,39.56,88,1,2.93,AU,1717343311
224,surgana,20.5667,73.6167,82.38,57,4,4.59,IN,1717343311
225,coquimbo,-29.9533,-71.3436,65.86,59,78,8.99,CL,1717343312
226,rabo de peixe,37.8,-25.5833,71.11,99,20,11.5,PT,1717343313
227,shakawe,-18.3667,21.85,73.81,15,0,6.55,BW,1717343313
228,port alfred,-33.5906,26.891,62.19,97,100,8.99,ZA,1717343314
229,bom jesus,-9.0744,-44.3586,95.94,28,76,9.44,BR,1717343315
230,tangalle,6.024,80.7911,80.76,90,100,9.17,LK,1717343316
231,talara,-4.5772,-81.2719,74.16,73,75,17.36,PE,1717343316
232,kirtipur,27.6667,85.2833,73.33,83,20,6.91,NP,1717343317
233,aflou,34.1128,2.1023,75.6,32,100,8.95,DZ,1717343318
234,lorengau,-2.0226,147.2712,82.35,78,60,6.87,PG,1717343319
235,east london,-33.0153,27.9116,63.54,100,100,5.75,ZA,1717343178
236,nemuro,43.3236,145.575,43.45,93,75,10.11,JP,1717343321
237,wenchang,30.904,118.4887,68.63,61,100,3.47,CN,1717343322
238,dila,6.4167,38.3167,66.6,84,91,4.41,ET,1717343322
239,quetta,30.199,67.0097,80.94,7,0,3.44,PK,1717343323
240,chegdomyn,51.1167,133.0167,41.36,83,93,3.13,RU,1717343324
241,hadibu,12.65,54.0333,84.51,76,17,14.05,YE,1717343324
242,nikolayevsk-on-amure,53.1406,140.73,45.21,62,96,10.0,RU,1717343325
243,howrah,22.5892,88.3103,87.8,84,20,13.8,IN,1717343326
244,keflavik,64.0049,-22.5624,46.31,57,75,32.21,IS,1717343326
245,kapuskasing,49.4169,-82.4331,66.29,68,20,6.91,CA,1717343079
246,enewetak,11.3474,162.3373,82.42,82,100,16.2,MH,1717343328
247,utrik,11.2278,169.8474,82.6,80,27,19.1,MH,1717343328
248,luang namtha,20.9497,101.4011,73.15,98,97,2.21,LA,1717343329
249,ulsteinvik,62.3432,5.8487,60.31,70,100,13.0,NO,1717343330
250,pacific grove,36.6177,-121.9166,61.21,90,100,8.05,US,1717343330
251,katabu,-4.9333,122.5167,76.08,94,89,4.36,ID,1717343331
252,sitka,57.0531,-135.33,51.69,62,100,10.36,US,1717343332
253,sinan,34.8262,126.1086,64.51,66,100,8.5,KR,1717343332
254,siwa oasis,29.2041,25.5195,104.04,9,0,8.77,EG,1717343333
255,nova sintra,14.8667,-24.7167,74.89,79,95,22.48,CV,1717343334
256,kuusamo,65.9667,29.1833,64.44,77,100,4.61,FI,1717343334
257,sydney,-33.8679,151.2073,54.72,73,100,8.05,AU,1717343302
258,chernyshevskiy,63.0128,112.4714,43.3,79,100,3.29,RU,1717343336
259,al marj,32.488,20.8317,101.44,8,4,10.36,LY,1717343336
260,brisas de zicatela,15.8369,-97.0419,88.32,70,100,4.61,MX,1717343337
261,severobaykal'sk,55.65,109.3167,45.5,88,64,4.16,RU,1717343174
262,quezon,7.7303,125.0989,75.11,93,100,1.14,PH,1717343338
263,murzuq,25.9155,13.9184,107.29,8,98,18.54,LY,1717343339
264,amga,60.8953,131.9608,44.49,56,7,1.81,RU,1717343340
265,magadan,59.5667,150.8,48.52,73,95,5.44,RU,1717343340
266,punta arenas,-53.15,-70.9167,35.71,80,0,8.05,CL,1717343190
267,alesund,62.4723,6.1549,60.33,67,20,17.27,NO,1717343342
268,santa elena de uairen,4.6167,-61.1333,78.13,66,81,8.41,VE,1717343343
269,karibib,-21.9333,15.8333,49.44,41,0,12.82,NA,1717343344
270,kayangel,8.0823,134.7173,83.7,73,94,2.01,PW,1717343344
271,whitehorse,60.7161,-135.0538,44.82,58,75,9.22,CA,1717343345
272,labytnangi,66.6572,66.4183,33.39,67,88,4.34,RU,1717343346
273,palikir - national government center,6.9248,158.1611,77.74,94,100,3.44,FM,1717343347
274,kuta,-8.7233,115.1723,80.55,100,20,1.14,ID,1717343348
275,kodiak,57.79,-152.4072,44.11,93,100,8.05,US,1717343349
276,barranca,-10.75,-77.7667,66.61,69,86,5.39,PE,1717343055
277,usinsk,65.9939,57.5281,44.08,63,100,8.01,RU,1717343351
278,ak'ordat,15.5486,37.8867,102.54,11,92,13.13,ER,1717343351
279,cabo san lucas,22.8909,-109.9124,88.61,45,40,3.0,MX,1717343352
280,port saint john's,-31.6229,29.5448,66.87,77,100,19.19,ZA,1717343353
281,flers,48.7372,-0.5747,59.25,64,8,10.51,FR,1717343354
282,okhotsk,59.3833,143.3,42.28,75,76,2.46,RU,1717343354
283,tofol,5.3248,163.0078,82.44,80,99,10.74,FM,1717343355
284,wilson,36.1501,-86.2833,77.52,83,75,4.61,US,1717343089
285,fort mcmurray,56.7268,-111.381,44.19,81,100,2.3,CA,1717343356
286,villa de arista,22.65,-100.8333,76.01,48,21,7.47,MX,1717343357
287,kodinsk,58.6881,99.1844,47.44,59,66,2.53,RU,1717343358
288,orcopampa,-15.2661,-72.3417,57.31,22,0,0.47,PE,1717343358
289,qoryooley,1.7878,44.53,78.64,83,99,12.33,SO,1717343359
290,leticia,-4.2153,-69.9406,84.25,74,20,6.91,CO,1717343303
291,kailua-kona,19.6406,-155.9956,75.16,86,100,4.61,US,1717343361
292,arteche,12.2645,125.4048,80.29,84,4,3.04,PH,1717343361
293,resplendor,-19.3256,-41.2553,84.36,36,14,6.11,BR,1717343362
294,mengyin,35.7069,117.9264,74.12,40,86,4.61,CN,1717343363
295,san antonio de pale,-1.4014,5.6325,78.93,77,87,14.2,GQ,1717343364
296,volosovo,59.4333,29.4833,76.19,77,96,3.74,RU,1717343365
297,belyy yar,53.6039,91.3903,51.69,66,0,6.71,RU,1717343365
298,tura,25.5198,90.2201,75.58,97,4,6.51,IN,1717343366
299,upper grand lagoon,30.1633,-85.7408,83.03,77,20,8.05,US,1717343367
300,singkil,-7.9855,111.4161,76.01,91,14,4.5,ID,1717343367
301,hecun,36.5333,114.1111,75.49,43,97,6.67,CN,1717343368
302,tommot,58.9564,126.2925,45.63,61,1,4.03,RU,1717343369
303,tashtagol,52.7657,87.8894,52.52,75,64,5.01,RU,1717343369
304,labuan bajo,-8.4964,119.8877,78.66,87,54,5.39,ID,1717343370
305,harper,4.375,-7.7169,80.53,86,83,7.36,LR,1717343371
306,geraldton,-28.7667,114.6,63.01,72,40,8.05,AU,1717343372
307,naze,28.3667,129.4833,65.32,69,100,5.53,JP,1717343372
308,klyuchi,52.2667,79.1667,57.04,50,100,6.17,RU,1717343373
309,parun,35.4207,70.9221,44.22,54,0,3.76,AF,1717343373
310,ikryanoye,46.0932,47.7308,84.18,39,74,2.73,RU,1717343374
311,qarauyl,48.9451,79.255,52.57,86,29,15.08,KZ,1717343375
312,santa cruz,-17.8,-63.1667,82.45,57,40,20.71,BO,1717343128
313,i-n-salah,27.1935,2.4607,106.79,8,0,22.86,DZ,1717343376
314,hithadhoo,-0.6,73.0833,83.91,74,49,5.23,MV,1717343377
315,zhaoyuan,37.3592,120.3964,68.14,41,89,3.8,CN,1717343378
316,ad dilam,23.9915,47.1627,109.81,8,0,10.02,SA,1717343378
317,darab,28.7519,54.5444,92.84,8,0,5.06,IR,1717343379
318,lebyazh'ye,55.2689,66.4947,57.56,70,94,7.87,RU,1717343380
319,marsh harbour,26.5412,-77.0636,78.82,59,89,15.73,BS,1717343381
320,cabedelo,-6.9811,-34.8339,84.87,72,35,15.39,BR,1717343382
321,kili,5.6439,169.1211,82.87,81,97,16.33,MH,1717343383
322,kenai,60.5544,-151.2583,50.09,68,100,8.05,US,1717343383
323,brookings,44.3114,-96.7984,68.18,76,75,14.97,US,1717343384
324,bengkulu,-3.8004,102.2655,77.52,91,83,4.23,ID,1717343385
325,bani walid,31.7566,13.9942,95.94,25,93,21.79,LY,1717343385
326,la cruz,23.9167,-106.9,84.24,56,90,5.1,MX,1717343332
327,natal,-5.795,-35.2094,86.65,66,40,20.71,BR,1717343211
328,hamar,60.7945,11.068,75.13,45,96,1.88,NO,1717343387
329,rusape,-18.5278,32.1284,64.83,42,23,5.19,ZW,1717343388
330,dunedin,-45.8742,170.5036,46.8,71,75,8.99,NZ,1717343389
331,timmins,48.4669,-81.3331,67.82,60,40,6.91,CA,1717343278
332,karaton,-6.3424,106.1045,74.68,96,78,1.63,ID,1717343390
333,laguna,38.421,-121.4238,70.29,67,0,5.75,US,1717343391
334,terrace,54.5163,-128.6035,49.91,100,100,2.3,CA,1717343187
335,kolyvan',55.3053,82.7391,60.42,67,99,5.84,RU,1717343392
336,gulu,2.7746,32.299,75.76,64,53,0.4,UG,1717343393
337,jwaneng,-24.6004,24.7303,72.28,20,56,14.05,BW,1717343393
338,kidal,18.4411,1.4078,109.42,7,1,5.75,ML,1717343394
339,portland,45.5234,-122.6762,61.92,80,100,11.5,US,1717343232
340,ujae,8.9322,165.7642,82.98,82,81,17.74,MH,1717343395
341,bathsheba,13.2167,-59.5167,83.01,89,40,19.57,BB,1717343396
342,mata-utu,-13.2816,-176.1745,81.57,78,81,25.64,WF,1717343397
343,new norfolk,-42.7826,147.0587,48.7,86,77,1.57,AU,1717343377
344,bonthe,7.5264,-12.505,84.11,74,64,10.16,SL,1717343398
345,gizo,-8.103,156.8419,79.72,81,100,4.32,SB,1717343399
346,ongjin,37.9347,125.3619,61.65,62,9,4.41,KP,1717343400
347,edd,13.9297,41.6925,87.21,68,57,6.46,ER,1717343400
348,arrifes,37.7667,-25.7,70.05,83,20,11.5,PT,1717343401
349,praia,14.9215,-23.5087,81.14,54,40,20.71,CV,1717343402
350,jutai,-5.1833,-68.9,90.82,46,39,3.29,BR,1717343403
351,berdigestyakh,62.0989,126.6992,49.01,58,14,5.06,RU,1717343404
352,debark',13.1561,37.8981,70.61,25,78,2.82,ET,1717343404
353,twon-brass,4.3151,6.2418,81.75,80,100,14.47,NG,1717343405
354,yekaterinoslavka,50.3734,129.1139,55.26,74,31,7.7,RU,1717343407
355,eraan,9.0629,117.7016,80.2,88,100,4.56,PH,1717343408
356,tazovsky,67.4667,78.7,25.66,95,31,10.33,RU,1717343408
357,zdzieszowice,50.4248,18.1235,66.69,74,43,8.3,PL,1717343409
358,jijel,36.8205,5.7667,71.55,60,20,5.75,DZ,1717343410
359,doctor arroyo,23.6667,-100.1833,81.09,31,7,13.38,MX,1717343410
360,mount isa,-20.7333,139.5,44.37,87,16,4.61,AU,1717343411
361,kimbe,-5.5502,150.1429,76.23,91,94,3.02,PG,1717343412
362,orastie,45.8333,23.2,73.08,64,56,3.49,RO,1717343412
363,aljubarrota,39.5672,-8.9293,92.1,76,0,8.99,PT,1717343413
364,nykoping,58.753,17.0079,79.09,44,0,6.91,SE,1717343414
365,goundam,16.4145,-3.6708,108.57,16,0,7.72,ML,1717343415
366,khuzdar,27.7384,66.6434,89.19,16,0,3.38,PK,1717343416
367,limassol,34.675,33.0333,83.17,57,0,10.36,CY,1717343162
368,praia da vitoria,38.7333,-27.0667,71.85,78,40,14.58,PT,1717343417
369,buala,-8.145,159.5921,78.42,85,100,1.45,SB,1717343418
370,nabire,-3.3667,135.4833,77.63,92,82,1.92,ID,1717343418
371,fale old settlement,-9.3852,-171.2468,83.44,69,99,4.76,TK,1717343419
372,aripuana,-9.1667,-60.6333,94.01,34,28,4.7,BR,1717343420
373,prince rupert,54.3161,-130.3201,48.29,93,100,12.66,CA,1717343421
374,uturoa,-16.7333,-151.4333,79.57,72,58,8.37,PF,1717343421
375,kalevala,65.2,31.1667,64.09,91,99,4.0,RU,1717343422
376,khovd,48.0056,91.6419,64.15,24,41,9.86,MN,1717343423
377,sao jose da coroa grande,-8.8978,-35.1478,82.29,74,12,11.7,BR,1717343227
378,malinyi,-8.9333,36.1333,74.77,73,18,3.33,TZ,1717343424
379,aleg,17.0481,-13.9209,103.3,11,0,9.55,MR,1717343425
380,acajutla,13.5928,-89.8275,88.02,58,89,5.68,SV,1717343426
381,zierikzee,51.6539,3.9196,64.98,71,6,18.12,NL,1717343426
382,chui,-33.6971,-53.4616,67.77,81,63,11.07,UY,1717343427
383,homer,59.6425,-151.5483,51.67,64,100,8.05,US,1717343428
384,westport,41.1415,-73.3579,81.55,45,100,1.99,US,1717343221
385,zhalantun,48.0,122.7167,57.4,70,37,4.92,CN,1717343429
386,kathmandu,27.7167,85.3167,73.62,83,20,6.91,NP,1717343399
387,dalnerechensk,45.9339,133.7225,53.01,90,88,5.3,RU,1717343431
388,jose bonifacio,-21.0528,-49.6883,81.66,25,0,12.15,BR,1717343431
389,saldanha,-33.0117,17.9442,57.25,80,2,7.14,ZA,1717343432
390,le morne-rouge,14.7667,-61.1333,80.17,84,100,9.55,MQ,1717343433
391,kuala lipis,4.1842,102.0468,74.3,99,100,1.59,MY,1717343433
392,lazaro cardenas,17.9583,-102.2,86.5,52,100,4.88,MX,1717343434
393,nova vicosa,-17.8919,-39.3719,79.32,65,62,12.19,BR,1717343435
394,paranhos,-23.8928,-55.4311,83.08,30,4,11.68,BR,1717343386
395,tupiza,-21.45,-65.7167,64.17,8,0,3.65,BO,1717343436
396,holualoa,19.6228,-155.9522,71.44,89,100,4.61,US,1717343147
397,oruro,-17.9833,-67.15,50.49,32,0,2.3,BO,1717343437
398,hutchinson,38.0608,-97.9298,66.15,77,0,10.36,US,1717343373
399,salekhard,66.53,66.6019,33.4,67,83,8.01,RU,1717343439
400,kas,36.2018,29.6377,84.0,46,100,6.62,TR,1717343440
401,conduaga,8.862,117.4893,79.88,88,100,3.18,PH,1717343440
402,ust'-kulom,61.6864,53.6902,64.15,70,100,9.57,RU,1717343441
403,sinabang,2.4803,96.3801,82.08,78,100,2.59,ID,1717343441
404,porto novo,6.4965,2.6036,76.6,82,100,4.09,BJ,1717343442
405,atherton,53.5237,-2.4935,65.44,74,39,7.0,GB,1717343443
406,mirny,62.5353,113.9611,48.24,75,100,8.99,RU,1717343444
407,serdar,38.9764,56.2757,79.3,44,71,25.23,TM,1717343444
408,santana,-0.0583,-51.1817,89.78,66,40,9.22,BR,1717343445
409,porbandar,21.6422,69.6093,86.63,67,2,11.32,IN,1717343446
410,fauske,67.2588,15.3918,55.45,76,99,3.44,NO,1717343446
411,latakia,35.5148,35.7768,91.58,71,0,8.1,SY,1717343447
412,artigas,-30.4,-56.4667,70.74,70,53,11.79,UY,1717343373
413,pader,3.05,33.2167,77.18,57,85,4.38,UG,1717343448
414,leirvik,59.7798,5.5005,59.41,63,20,14.97,NO,1717343449
415,acarau,-2.8856,-40.12,84.09,73,19,13.22,BR,1717343417
416,dhenkanal,20.6667,85.6,80.49,64,83,5.88,IN,1717343450
417,port macquarie,-31.4333,152.9167,52.9,84,43,4.07,AU,1717343231
418,vadnagar,23.7833,72.6333,95.04,28,1,10.74,IN,1717343452
419,sena madureira,-9.0656,-68.6569,90.93,42,2,0.58,BR,1717343312
420,itoman,26.1247,127.6694,68.38,100,100,11.5,JP,1717343453
421,yanam,16.7333,82.2167,85.78,80,84,6.15,IN,1717343454
422,chabahar,25.2919,60.643,87.17,81,0,8.97,IR,1717343454
423,nampula,-15.1165,39.2666,82.35,54,40,5.99,MZ,1717343455
424,sarina,-21.4333,149.2167,61.61,1,0,5.53,AU,1717343456
425,lazarevskoye,43.9061,39.3331,67.78,87,49,4.0,RU,1717343456
426,la mira,18.035,-102.3266,86.92,46,100,5.57,MX,1717343457
427,guider,9.9342,13.9486,101.14,26,32,5.53,CM,1717343458
428,morondava,-20.2833,44.2833,78.58,66,0,8.23,MG,1717343458
429,chai badan,15.2,101.1333,80.58,73,100,7.78,TH,1717343459
430,coyhaique,-45.5752,-72.0662,31.95,93,100,0.0,CL,1717343257
431,ciudad general teran,25.2667,-99.6833,90.81,49,88,14.36,MX,1717343461
432,port douglas,-16.4833,145.4667,71.49,83,75,3.36,AU,1717343461
433,daru,-9.0763,143.2092,78.13,76,100,14.05,PG,1717343462
434,ola,59.5833,151.2833,49.14,77,85,2.37,RU,1717343463
435,bich'vinta,43.1592,40.3378,71.78,84,5,4.27,GE,1717343465
436,kamiiso,41.8167,140.65,55.78,71,100,10.36,JP,1717343466
437,dzhalagash,45.0833,64.6667,77.92,16,92,17.09,KZ,1717343466
438,flin flon,54.7682,-101.865,49.84,62,75,9.22,CA,1717343467
439,awjilah,29.1081,21.2869,108.81,9,5,8.84,LY,1717343468
440,sandnessjoen,66.0217,12.6316,57.72,82,75,16.11,NO,1717343469
441,hammerfest,70.6634,23.6821,52.25,76,75,5.75,NO,1717343469
442,yautepec,18.8819,-99.0671,87.87,25,56,6.17,MX,1717343470
443,sinop,41.7711,34.8709,72.3,68,11,2.62,TR,1717343471
444,mizdah,31.4451,12.9801,98.71,14,32,19.82,LY,1717343471
445,tralee,52.2704,-9.7026,66.45,68,0,6.91,IE,1717343390
446,huarmey,-10.0681,-78.1522,67.46,73,76,6.2,PE,1717343473
447,borgarnes,64.5383,-21.9206,46.81,63,69,22.97,IS,1717343473
448,usogorsk,63.4106,48.6872,74.66,49,100,6.33,RU,1717343474
449,cuyo,10.8525,121.0086,86.11,71,97,6.02,PH,1717343475
450,wau,7.7029,27.9953,93.25,34,76,3.4,SS,1717343475
451,kiunga,-6.1219,141.2906,72.57,99,42,3.09,PG,1717343476
452,nar'yan-mar,67.6713,53.087,38.1,93,79,5.01,RU,1717343477
453,the dalles,45.5946,-121.1787,64.63,75,100,12.66,US,1717343477
454,petrozavodsk,61.7849,34.3469,65.66,88,75,2.24,RU,1717343478
455,colares,38.7992,-9.4469,79.79,80,0,11.99,PT,1717343479
456,severo-yeniseyskiy,60.3725,93.0408,42.19,79,100,4.07,RU,1717343480
457,kijang,35.2442,129.2139,60.53,80,100,5.64,KR,1717343480
458,manggar,-2.8833,108.2667,80.51,82,100,2.73,ID,1717343481
459,ust'-charyshskaya pristan',52.3934,83.6635,52.45,75,100,6.38,RU,1717343482
460,ilovlya,49.3033,43.9796,67.01,76,77,7.65,RU,1717343482
461,el nido,11.1858,119.3956,84.38,76,100,1.03,PH,1717343483
462,mukalla,14.5425,49.1242,85.95,74,0,2.42,YE,1717343484
463,ribeira brava,32.65,-17.0667,75.7,71,60,1.01,PT,1717343485
464,aden,12.7794,45.0367,89.46,65,31,5.5,YE,1717343486
465,namibe,-15.1961,12.1522,68.9,68,0,8.19,AO,1717343486
466,fairfax,38.8501,-77.3497,82.08,49,75,4.61,US,1717343487
467,jindabyne,-36.4167,148.6333,37.58,91,100,8.99,AU,1717343488
468,axim,4.8699,-2.2405,80.74,82,92,9.75,GH,1717343489
469,taoudenni,22.6783,-3.9836,107.08,10,0,17.74,ML,1717343490
470,hasaki,35.7333,140.8333,63.28,86,100,5.48,JP,1717343490
471,adam,22.3756,57.5233,105.93,10,0,11.56,OM,1717343491
472,alofi,-19.0595,-169.9187,69.69,83,74,10.36,NU,1717343492
473,ararat,39.8317,44.7049,82.74,43,0,5.88,AM,1717343493
474,kardzhali,41.65,25.3667,71.74,81,61,7.2,BG,1717343493
475,manismata,-2.4667,111.0333,74.71,98,100,1.01,ID,1717343495
476,kaa-khem,51.6833,94.7333,64.4,47,56,5.39,RU,1717343495
477,sittwe,20.15,92.9,82.31,80,96,7.31,MM,1717343496
478,box elder,41.5005,-112.8764,67.71,45,100,3.91,US,1717343497
479,riyadh,24.6877,46.7219,105.94,9,0,11.5,SA,1717343415
480,hilo,19.7297,-155.09,72.28,95,100,5.75,US,1717343486
481,morehead city,34.7229,-76.726,82.04,57,0,9.22,US,1717343343
482,sangin,32.0728,64.8359,91.49,5,0,9.66,AF,1717343499
483,muroto-misakicho,33.2833,134.15,67.53,76,100,13.29,JP,1717343500
484,yuzhno-kurilsk,44.0306,145.8556,44.38,88,100,9.24,RU,1717343501
485,brasilia,-15.7797,-47.9297,73.62,64,75,12.66,BR,1717343452
486,nago,26.5881,127.9761,68.43,95,100,10.89,JP,1717343502
487,ati,13.2154,18.3353,106.12,16,56,4.05,TD,1717343503
488,las tablas,7.7667,-80.2833,88.61,65,100,2.42,PA,1717343503
489,ceerigaabo,10.6162,47.368,76.05,45,32,6.22,SO,1717343504
490,rio grande,-32.035,-52.0986,78.91,71,47,7.63,BR,1717343505
491,castillos,-34.1667,-53.8333,59.45,98,99,8.88,UY,1717343505
492,gaspe,48.8334,-64.4819,64.62,45,75,6.91,CA,1717343222
493,oloron-sainte-marie,43.1944,-0.6107,67.93,86,99,2.44,FR,1717343507
494,boa vista,2.8197,-60.6733,80.58,78,75,3.44,BR,1717343508
495,cativa,9.3606,-79.8436,90.19,81,100,1.01,PA,1717343509
496,tadine,-21.55,167.8833,72.36,79,100,14.34,NC,1717343509
497,myeik,12.4333,98.6,82.0,80,98,2.66,MM,1717343510
498,point pedro,9.8167,80.2333,82.74,84,100,16.8,LK,1717343511
499,imperatriz,-5.5264,-47.4917,93.25,46,20,12.66,BR,1717343512
500,changji,44.0167,87.3167,79.59,21,0,4.47,CN,1717343514
501,san juan,-31.5375,-68.5364,55.56,41,13,27.58,AR,1717343432
502,suizhou,31.7111,113.3631,69.55,55,100,7.0,CN,1717343515
503,iron river,46.0927,-88.6423,68.76,35,9,4.12,US,1717343516
504,falenki,58.3613,51.5946,68.94,60,1,2.57,RU,1717343517
505,kill devil hills,36.0307,-75.676,78.98,58,0,6.91,US,1717343378
506,ambon,-3.6954,128.1814,83.88,13,75,4.61,ID,1717343518
507,xinyuan,37.3,99.0,41.31,89,98,4.43,CN,1717343519
508,saint-philippe,-21.3585,55.7679,72.99,79,47,8.72,RE,1717343519
509,ixtapa,20.7,-105.2,92.61,35,76,4.76,MX,1717343520
510,ingeniero guillermo n. juarez,-23.9,-61.85,85.91,34,0,21.07,AR,1717343521
511,sarh,9.1429,18.3923,94.91,43,0,6.91,TD,1717343522
512,kassiri,8.9372,-13.1244,84.49,65,58,11.92,SL,1717343523
513,antsiranana,-12.2787,49.2917,79.56,57,75,9.22,MG,1717343523
514,villa gesell,-37.2639,-56.973,49.05,61,100,12.55,AR,1717343524
515,alakurtti,66.9672,30.3491,67.44,61,75,11.07,RU,1717343525
516,copiapo,-27.3667,-70.3333,51.49,10,10,4.7,CL,1717343355
517,the pas,53.8251,-101.2541,51.82,62,100,10.36,CA,1717343526
518,bukama,-9.2,25.85,83.43,46,21,5.64,CD,1717343526
519,whitby,54.4877,-0.615,68.86,73,45,2.33,GB,1717343504
520,canutama,-6.5339,-64.3831,91.58,46,26,4.23,BR,1717343528
521,fort st. john,56.2499,-120.8529,53.49,62,20,5.75,CA,1717343528
522,gamba,-2.65,10.0,77.61,77,81,9.31,GA,1717343529
523,heyuan,23.7333,114.6833,76.62,93,100,3.78,CN,1717343530
524,cacoal,-11.4386,-61.4472,88.95,49,2,2.24,BR,1717343530
525,vila franca do campo,37.7167,-25.4333,72.01,99,9,10.2,PT,1717343531
526,karratha,-20.7377,116.8463,73.63,56,61,16.84,AU,1717343532
527,labrador city,52.9463,-66.9114,76.17,31,20,6.91,CA,1717343533
528,moju,-1.8839,-48.7689,91.35,54,19,4.5,BR,1717343534
529,las lomitas,-24.7096,-60.593,88.2,31,0,14.14,AR,1717343534
530,kenora,49.8167,-94.4337,68.97,40,40,11.5,CA,1717343239
531,kapa'a,22.0752,-159.319,73.72,85,75,17.27,US,1717343299
532,torres,-29.3353,-49.7269,80.87,60,0,6.17,BR,1717343536
533,nogliki,51.8333,143.1667,42.35,69,100,5.99,RU,1717343537
534,touros,-5.1989,-35.4608,84.85,63,27,16.8,BR,1717343538
535,gornozavodsk,58.3758,58.3211,61.75,77,66,5.23,RU,1717343483
536,tsiroanomandidy,-18.7667,46.0333,72.21,51,14,4.36,MG,1717343539
537,trairi,-3.2778,-39.2689,83.21,79,41,11.45,BR,1717343361
538,armacao de buzios,-22.7469,-41.8817,84.25,66,36,13.94,BR,1717343433
539,grand-lahou,5.1367,-5.0242,83.32,75,99,10.63,CI,1717343541
540,paracuru,-3.41,-39.0306,85.1,84,42,12.64,BR,1717343542
541,eastham,41.8301,-69.9739,75.52,67,0,4.61,US,1717343263
542,ta`u,-14.2336,-169.5144,77.72,89,100,23.62,AS,1717343543
543,belmonte,-15.8631,-38.8828,77.5,85,15,10.8,BR,1717343543
544,cinisi,38.1562,13.1073,78.01,53,20,19.57,IT,1717343544
545,piraquara,-25.4417,-49.0633,73.76,44,0,16.11,BR,1717343545
546,mikuni,36.2171,136.1519,60.71,88,36,2.8,JP,1717343546
547,zhangatas,43.5667,69.75,74.37,30,100,6.87,KZ,1717343547
548,mutuali,-14.8706,37.0044,73.85,37,9,1.21,MZ,1717343548
549,al bawiti,28.3492,28.8659,99.21,9,0,15.01,EG,1717343548
550,horta,38.5333,-28.6333,65.84,82,75,18.41,PT,1717343319
551,susa,35.8254,10.637,74.98,78,40,14.97,TN,1717343550
552,ornskoldsvik,63.2909,18.7153,74.35,31,0,5.75,SE,1717343550
553,camayenne,9.535,-13.6878,87.89,62,40,11.5,GN,1717343551
554,tchintabaraden,15.8969,5.7985,100.09,24,51,15.57,NE,1717343551
555,dawesville,30.9224,-84.0091,85.15,65,100,12.66,US,1717343552
556,severnoye,56.3491,78.3619,48.6,66,76,2.77,RU,1717343553
557,tsiombe,-25.3,45.4833,68.38,71,0,5.35,MG,1717343553
558,peruibe,-24.32,-46.9983,77.45,48,25,5.7,BR,1717343554
559,coahuayana de hidalgo,18.7,-103.6583,90.27,46,98,4.12,MX,1717343500
560,vernio,44.0476,11.1505,68.99,71,84,14.0,IT,1717343555
561,as sulayyil,20.4607,45.5779,107.85,6,0,8.61,SA,1717343556
562,mwene-ditu,-7.0,23.45,80.29,51,29,1.83,CD,1717343557
563,kone,-21.0595,164.8658,72.21,86,100,7.92,NC,1717343558
564,mossel bay,-34.1831,22.146,60.73,88,63,3.87,ZA,1717343558
565,grande prairie,55.1667,-118.8027,51.98,66,75,6.91,CA,1717343559
566,northwood,40.4728,-83.7324,67.96,100,100,6.91,US,1717343560
567,lompoc,34.6391,-120.4579,59.85,89,100,11.5,US,1717343102
568,ulan bator,47.9077,106.8832,55.53,62,40,0.0,MN,1717343561
569,cannonvale,-20.2833,148.7,67.39,87,1,5.37,AU,1717343562
570,rethymno,35.3647,24.4714,78.42,47,1,4.23,GR,1717343562
571,la union,-5.4,-80.75,76.66,55,11,10.58,PE,1717343563
572,senanga,-16.1167,23.2667,77.11,14,5,5.44,ZM,1717343563
573,mirpur sakro,24.5474,67.6277,85.75,69,1,14.23,PK,1717343564
574,santiago de cao,-7.9589,-79.2392,66.33,77,100,2.3,PE,1717343565
575,yaren,-0.5472,166.916,83.37,70,89,10.54,NR,1717343565
576,linxia chengguanzhen,35.6003,103.2064,55.69,54,93,4.5,CN,1717343566
577,jayapura,-2.5333,140.7,78.19,91,86,3.74,ID,1717343567
578,eket,4.6412,7.9209,82.35,77,100,8.59,NG,1717343567
579,qarqaraly,49.4058,75.4742,46.83,69,18,10.89,KZ,1717343568
580,higuera de zaragoza,25.95,-109.2833,86.59,41,100,10.04,MX,1717343569
581,tejen,37.3834,60.5054,89.51,9,1,10.71,TM,1717343569
582,umea,63.8284,20.2597,75.13,31,0,8.05,SE,1717343464
583,harstad,68.799,16.5293,51.19,89,100,20.0,NO,1717343571
584,sake,-1.5736,29.045,68.05,86,82,1.52,CD,1717343571
585,cheremukhovo,60.3484,59.9851,61.97,64,90,1.01,RU,1717343572
586,phan rang-thap cham,11.5667,108.9833,81.12,80,100,2.51,VN,1717343572
587,barra de santo antonio,-9.4047,-35.5072,81.68,83,42,13.06,BR,1717343573
588,bonbon,10.2245,123.5573,85.62,69,100,2.19,PH,1717343574
589,rosebud,46.3333,-106.5839,65.98,67,98,8.99,US,1717343574
590,birao,10.2849,22.7882,101.79,16,91,3.96,CF,1717343575
591,alo,7.4178,6.7371,84.16,69,100,4.03,NG,1717343576
592,freetown,8.484,-13.2299,83.91,74,75,4.61,SL,1717343576
593,brigantine,39.4101,-74.3646,79.0,65,0,8.05,US,1717343577
594,toliara,-23.35,43.6667,75.7,63,0,11.74,MG,1717343578
595,akureyri,65.6835,-18.0878,46.33,61,75,14.97,IS,1717343578
596,pitea,65.3172,21.4794,73.49,33,7,6.33,SE,1717343579
597,oamaru,-45.0784,170.9801,41.9,72,93,5.61,NZ,1717343580
598,fisterra,42.9049,-9.2629,82.31,62,0,23.58,ES,1717343525
599,san juan de abajo,20.8167,-105.1833,91.22,35,76,4.83,MX,1717343581
600,markovo,57.3206,107.0881,46.35,88,90,2.35,RU,1717343581
601,naxos,37.1056,25.3764,83.79,73,0,9.22,GR,1717343582
602,roma,43.2128,-75.4557,78.96,50,0,6.91,US,1717343431
603,lerwick,60.1545,-1.1494,53.6,96,100,20.29,GB,1717343584
604,ogden,41.223,-111.9738,72.68,45,40,5.75,US,1717343584
605,kharp,66.8014,65.8081,32.72,83,95,4.36,RU,1717343585
606,petawawa,45.9001,-77.3328,71.78,47,100,3.0,CA,1717343586
607,novodvinsk,64.4165,40.8122,73.15,51,75,2.84,RU,1717343587
608,fristad,65.2,16.7167,66.22,39,94,5.46,SE,1717343587
609,guapo,-16.8306,-49.5319,79.18,30,1,8.3,BR,1717343588
